<application>
  <component name="FileTypeManager" version="18">
    <extensionMap>
      <mapping ext="mjml" type="HTML" />
      <mapping ext="space.kts" type="Kotlin" />
      <mapping ext="gradle.kts" type="Kotlin" />
      <mapping ext="main.kts" type="Kotlin" />
      <removed_mapping ext="apk" approved="true" type="ARCHIVE" />
      <removed_mapping ext="bat" approved="true" type="PLAIN_TEXT" />
      <removed_mapping ext="cmd" approved="true" type="PLAIN_TEXT" />
      <removed_mapping ext="dockerfile" approved="true" type="textmate" />
      <removed_mapping ext="log" approved="true" type="PLAIN_TEXT" />
      <removed_mapping ext="makefile" approved="true" type="textmate" />
      <removed_mapping ext="psd" approved="true" type="Adobe Photoshop" />
      <removed_mapping ext="snakefile" approved="true" type="textmate" />
      <mapping ext="proto " type="PROTO" />
    </extensionMap>
  </component>
</application>