<application>
  <component name="FindSettings">
    <option name="customScope" value="Project and Libraries" />
    <option name="defaultScopeName" value="Project and Libraries" />
    <option name="SEARCH_SCOPE" value="Project and Libraries" />
    <mask>*.properties</mask>
    <mask>*.html</mask>
    <mask>*.jsp</mask>
    <mask>*.xml</mask>
    <mask>*.js</mask>
    <mask>*.as</mask>
    <mask>*.mxml</mask>
    <mask>*.css</mask>
    <mask>.scala</mask>
    <mask>*.java</mask>
    <mask>*.yml</mask>
    <mask>.sbt</mask>
    <mask>*.scss</mask>
    <mask>*.yaml</mask>
    <mask>*.mjml</mask>
    <mask>.proto</mask>
    <mask>*.mustache</mask>
    <mask>.java</mask>
    <mask>*.sh</mask>
    <mask>*.sbt</mask>
    <mask>*.conf</mask>
    <mask>*.proto</mask>
    <mask>*.fragment</mask>
    <mask>*.graphql</mask>
    <mask>*.scala</mask>
  </component>
</application>